# Device:,5505_B_Col1_Row11_0.01ms_80Deg
# Date:,2026-06-26T16:24:04.949577

Point,Relative_Time_s,Step_Start_s,Step_End_s,Setpoint,Voltage_V,Current_A,Spectrum_Time_s,Peak_nm,Peak_Intensity,Avg_Intensity,Duration_ms,Timed_Bias_Samples
0,0.002182,0.000007,0.138645,0,0,-5e-09,0.055976,940.19,758.0,601.3,53.8,1
1,0.160116,0.138795,0.257544,0.0509090909,0.0509090909,0,0.179403,940.19,748.0,603.4,19.3,0
2,0.274898,0.257704,0.490183,0.101818182,0.101818182,0,0.410782,952.96,770.0,600.2,135.9,1
3,0.505211,0.490265,0.674071,0.152727273,0.152727273,0,0.585877,934.59,766.0,599.9,80.7,1
4,0.694874,0.674254,0.866986,0.203636364,0.203636364,0,0.784131,957.93,748.0,600.2,89.2,1
5,0.922036,0.867057,1.099146,0.254545455,0.254545455,5e-09,1.009944,940.19,750.0,601.1,87.9,1
6,1.114947,1.099509,1.241936,0.305454545,0.305454545,2e-08,1.141608,945.60,763.0,602.5,26.6,0
7,1.264243,1.242052,1.450053,0.356363636,0.356363636,4.5e-08,1.375496,934.13,768.0,597.6,111.2,1
8,1.465376,1.450146,1.643317,0.407272727,0.407272727,1.1e-07,1.562471,941.00,742.0,598.3,97.1,1
9,1.659427,1.643424,1.842013,0.458181818,0.458181818,2.6e-07,1.766230,957.93,760.0,607.1,106.8,1
10,1.861027,1.845910,1.953198,0.509090909,0.509090909,5.95e-07,1.870464,943.36,762.0,605.4,9.4,0
11,1.970246,1.953240,2.131084,0.56,0.56,1.375e-06,2.045513,943.36,764.0,599.4,75.3,1
12,2.147245,2.131191,2.321885,0.610909091,0.610909091,3.135e-06,2.238038,941.37,747.0,599.3,90.8,1
13,2.338089,2.321991,2.514715,0.661818182,0.661818182,7.045e-06,2.434197,940.19,750.0,598.6,96.1,1
14,2.530091,2.514786,2.697797,0.712727273,0.712727273,1.5475e-05,2.610656,957.93,744.0,603.3,80.6,1
15,2.713367,2.697893,2.881787,0.763636364,0.763636364,3.2495e-05,2.811057,940.19,744.0,595.9,97.7,1
16,2.897672,2.881866,2.985248,0.814545455,0.814545455,6.398e-05,2.905725,952.96,754.0,602.7,8.0,0
17,3.001200,2.985316,3.147417,0.865454545,0.865454545,0.0001157,3.077774,934.13,751.0,601.4,76.6,1
18,3.161202,3.147508,3.316614,0.916363636,0.916363636,0.00019175,3.237796,934.13,747.0,598.6,76.6,1
19,3.329900,3.316662,3.483669,0.967272727,0.967272727,0.00029325,3.405116,940.19,753.0,597.6,75.2,1
20,3.497055,3.483739,3.581647,1.01818182,1.01818182,0.00041935,3.501218,915.28,743.0,594.8,4.2,0
21,3.585227,3.581737,3.756848,1.06909091,1.06909091,0.0005687,3.685744,915.28,753.0,600.6,100.5,1
22,3.775023,3.757007,3.947164,1.12,1.12,0.000743,3.878816,952.96,765.0,598.3,103.8,1
23,3.961173,3.947257,4.034847,1.17090909,1.17090909,0.0009514,3.966111,946.86,776.0,606.4,4.9,0
24,4.049088,4.034895,4.182870,1.22181818,1.22181818,0.0012265,4.110928,943.36,752.0,602.8,61.8,1
25,4.193205,4.183034,4.342698,1.27272727,1.27272727,0.0016325,4.278652,940.19,748.0,600.0,85.4,1
26,4.354121,4.342802,4.421898,1.32363636,1.32363636,0.0022415,4.358786,927.22,749.0,598.8,4.7,0
27,4.433203,4.421956,4.581803,1.37454545,1.37454545,0.0030815,4.520761,952.53,743.0,605.7,87.6,1
28,4.596883,4.581911,4.742944,1.42545455,1.42545455,0.0041425,4.678228,952.96,756.0,605.7,81.3,1
29,4.762827,4.743060,4.926691,1.47636364,1.47636364,0.0053965,4.833028,945.34,754.0,602.2,70.2,1
30,4.937212,4.926807,5.109271,1.52727273,1.52727273,0.006814,5.006819,931.72,1083.0,600.4,69.6,1
31,5.125345,5.109359,5.270358,1.57818182,1.57818182,0.0084955,5.202971,931.58,2557.0,598.3,77.6,1
32,5.281741,5.270438,5.408615,1.62909091,1.62909091,0.010285,5.346238,931.58,2363.0,611.4,64.5,1
33,5.418446,5.408719,5.509122,1.68,1.68,0.012135,5.438615,931.58,11908.0,619.8,20.2,0
34,5.516726,5.509285,5.649965,1.73090909,1.73090909,0.01405,5.587721,931.72,20019.0,627.2,71.0,1
35,5.665156,5.650069,5.801193,1.78181818,1.78181818,0.016005,5.739303,931.86,25629.0,639.5,74.1,1
36,5.818075,5.801305,5.897753,1.83272727,1.83272727,0.018,5.831193,932.00,25571.0,634.4,13.1,0
37,5.905340,5.897824,6.033439,1.88363636,1.88363636,0.02003,5.969821,932.14,24888.0,636.0,64.5,1
38,6.056639,6.033570,6.138250,1.93454545,1.93454545,0.02209,6.079339,932.32,22113.0,630.3,22.7,0
39,6.150198,6.138344,6.277593,1.98545455,1.98545455,0.024185,6.209662,932.51,17946.0,624.8,59.5,1
40,6.281668,6.277708,6.424779,2.03636364,2.03636364,0.02629,6.359002,932.69,16990.0,629.3,77.3,1
41,6.433365,6.424879,6.569095,2.08727273,2.08727273,0.02843,6.501073,932.93,15249.0,630.0,67.7,1
42,6.577556,6.569192,6.729957,2.13818182,2.13818182,0.03063,6.666742,933.11,17526.0,631.7,89.2,1
43,6.739425,6.730041,6.821327,2.18909091,2.18909091,0.03281,6.752301,933.30,12848.0,624.8,12.9,0
44,6.826161,6.821448,6.896837,2.24,2.24,0.03499,6.835850,933.57,9571.0,622.0,9.7,0
45,6.905312,6.896911,7.026376,2.29090909,2.29090909,0.03716,6.961425,933.57,9972.0,623.9,56.1,1
46,7.035519,7.026486,7.194530,2.34181818,2.34181818,0.039285,7.127817,934.04,9664.0,623.0,92.3,1
47,7.203889,7.194633,7.352510,2.39272727,2.39272727,0.041395,7.292354,934.32,7346.0,613.9,88.5,1
48,7.365839,7.352628,7.504610,2.44363636,2.44363636,0.043475,7.442940,934.64,6471.0,614.0,77.1,1
49,7.518223,7.504746,7.616781,2.49454545,2.49454545,0.04542,7.539176,934.96,3660.0,608.1,20.9,0
50,7.629824,7.616858,7.706053,2.54545455,2.54545455,0.047015,7.640836,934.73,1706.0,605.2,11.0,0
51,7.714470,7.706117,7.841464,2.59636364,2.59636364,0.04827,7.777374,934.13,739.0,599.9,62.9,1
52,7.850319,7.841627,7.954412,2.64727273,2.64727273,0.05044,7.884116,952.96,753.0,601.0,33.8,0
53,7.958838,7.954467,8.098447,2.69818182,2.69818182,0.052645,8.035240,941.37,743.0,600.1,76.4,1
54,8.108774,8.098564,8.210474,2.74909091,2.74909091,0.054655,8.131963,934.13,753.0,600.0,23.2,0
55,8.212581,8.210550,8.354674,2.8,2.8,0.05699,8.292132,934.13,743.0,601.5,79.5,1
