# Device:,5505_B_Col1_Row10_0.01ms_20Deg_
# Date:,2026-06-23T11:47:29.128900

Point,Relative_Time_s,Step_Start_s,Step_End_s,Setpoint,Voltage_V,Current_A,Spectrum_Time_s,Peak_nm,Peak_Intensity,Avg_Intensity,Duration_ms,Timed_Bias_Samples
0,0.002396,0.000021,0.143469,0,0,0,0.061443,952.96,742.0,593.8,59.0,1
1,0.165947,0.143613,0.271553,0.0509090909,0.0509090909,0,0.187025,940.19,749.0,599.8,21.1,0
2,0.286609,0.271632,0.455895,0.101818182,0.101818182,-5e-09,0.369981,945.60,734.0,594.8,83.4,1
3,0.474658,0.455998,0.687624,0.152727273,0.152727273,0,0.565000,944.08,753.0,601.3,90.3,1
4,0.706440,0.687759,0.873533,0.203636364,0.203636364,0,0.792790,944.26,743.0,593.8,86.3,1
5,0.896075,0.873888,1.026002,0.254545455,0.254545455,0,0.930913,934.13,741.0,596.4,34.8,0
6,1.030674,1.026162,1.198626,0.305454545,0.305454545,0,1.125448,934.13,742.0,600.1,94.8,1
7,1.215818,1.198727,1.382695,0.356363636,0.356363636,5e-09,1.296203,934.13,750.0,601.1,80.4,1
8,1.399793,1.382764,1.567855,0.407272727,0.407272727,1e-08,1.481313,915.28,750.0,602.6,81.5,1
9,1.585973,1.567922,1.679002,0.458181818,0.458181818,1.5e-08,1.593630,929.85,750.0,603.9,7.6,0
10,1.694561,1.679207,1.863940,0.509090909,0.509090909,3.5e-08,1.775898,944.44,744.0,599.6,81.3,1
11,1.879054,1.864065,2.048034,0.56,0.56,6.5e-08,1.961797,928.16,739.0,593.7,82.7,1
12,2.066577,2.048360,2.247576,0.610909091,0.610909091,1.6e-07,2.164609,953.32,740.0,597.3,98.0,1
13,2.263676,2.247687,2.464566,0.661818182,0.661818182,3.9e-07,2.383221,934.13,744.0,595.3,119.5,1
14,2.485108,2.464722,2.663341,0.712727273,0.712727273,1.01e-06,2.580803,940.19,756.0,600.4,95.7,1
15,2.683190,2.663526,2.880289,0.763636364,0.763636364,2.645e-06,2.772695,927.98,750.0,599.2,89.5,1
16,2.898629,2.880396,3.064372,0.814545455,0.814545455,6.895e-06,2.982038,934.59,750.0,601.2,83.4,1
17,3.085962,3.064552,3.184483,0.865454545,0.865454545,1.746e-05,3.101711,934.13,744.0,598.1,15.7,0
18,3.219347,3.184619,3.384709,0.916363636,0.916363636,4.1475e-05,3.296455,875.91,760.0,603.3,77.1,1
19,3.400731,3.384849,3.508370,0.967272727,0.967272727,8.9015e-05,3.415099,940.19,747.0,598.5,14.4,0
20,3.521770,3.508501,3.706628,1.01818182,1.01818182,0.00016905,3.628333,945.60,743.0,599.5,106.5,1
21,3.719650,3.706722,3.881036,1.06909091,1.06909091,0.00028625,3.814095,940.19,745.0,597.8,94.4,1
22,3.895708,3.881110,4.049080,1.12,1.12,0.0004426,3.969252,946.86,770.0,607.2,73.5,1
23,4.069821,4.049206,4.281949,1.17090909,1.17090909,0.0006412,4.154097,944.44,755.0,602.8,84.3,1
24,4.298755,4.282067,4.509171,1.22181818,1.22181818,0.0008961,4.383894,952.96,758.0,604.6,85.1,1
25,4.515791,4.509280,4.659545,1.27272727,1.27272727,0.001247,4.595407,943.36,758.0,606.6,79.6,1
26,4.671264,4.659647,4.759855,1.32363636,1.32363636,0.001759,4.687045,940.19,749.0,597.2,15.8,0
27,4.766542,4.759928,4.924066,1.37454545,1.37454545,0.00248,4.858717,934.13,765.0,606.4,92.2,1
28,4.937714,4.924280,5.051801,1.42545455,1.42545455,0.0034025,4.961213,940.19,741.0,598.4,23.5,0
29,5.091477,5.052726,5.268065,1.47636364,1.47636364,0.004587,5.158966,927.69,3207.0,603.9,67.5,1
30,5.283390,5.268211,5.389119,1.52727273,1.52727273,0.0060635,5.303754,927.27,2089.0,607.1,20.3,0
31,5.392083,5.389205,5.560219,1.57818182,1.57818182,0.007628,5.470639,927.27,2084.0,605.3,78.5,1
32,5.567806,5.560459,5.661879,1.62909091,1.62909091,0.009259,5.578394,927.27,6904.0,612.3,10.6,0
33,5.667852,5.665451,5.813810,1.68,1.68,0.010945,5.742087,927.32,11509.0,613.0,74.2,1
34,5.817082,5.813987,5.954052,1.73090909,1.73090909,0.01269,5.882595,927.41,13017.0,614.2,65.5,1
35,5.958547,5.954115,6.086328,1.78181818,1.78181818,0.014475,6.025663,927.51,12948.0,618.2,67.1,1
36,6.105092,6.086473,6.205006,1.83272727,1.83272727,0.01631,6.123314,927.74,13877.0,616.7,18.2,0
37,6.208404,6.205166,6.279581,1.88363636,1.88363636,0.01818,6.216613,927.84,13355.0,620.6,8.2,0
38,6.287103,6.279693,6.387684,1.93454545,1.93454545,0.02009,6.299429,927.98,10976.0,620.2,12.3,0
39,6.392519,6.387847,6.554488,1.98545455,1.98545455,0.022025,6.470584,928.07,9286.0,622.1,78.0,1
40,6.560613,6.554935,6.678445,2.03636364,2.03636364,0.02397,6.615610,928.12,9177.0,620.3,55.0,1
41,6.694645,6.678595,6.840291,2.08727273,2.08727273,0.025965,6.713245,927.69,8074.0,619.0,18.6,0
42,6.843776,6.840410,7.010460,2.13818182,2.13818182,0.02802,6.927589,927.69,8211.0,618.8,83.8,1
43,7.020476,7.010636,7.167563,2.18909091,2.18909091,0.03007,7.100345,927.98,10107.0,620.3,79.8,1
44,7.176350,7.167636,7.249548,2.24,2.24,0.032135,7.181543,927.98,10044.0,623.8,5.2,0
45,7.254510,7.249706,7.349992,2.29090909,2.29090909,0.034235,7.269108,928.16,9969.0,625.0,14.6,0
46,7.354803,7.351791,7.507472,2.34181818,2.34181818,0.036375,7.426979,928.31,10252.0,619.1,72.2,1
47,7.514770,7.509718,7.590853,2.39272727,2.39272727,0.038505,7.520280,928.63,10197.0,623.8,5.5,0
48,7.600561,7.591044,7.726504,2.44363636,2.44363636,0.040685,7.664625,928.92,13354.0,627.7,64.0,1
49,7.734509,7.726615,7.862556,2.49454545,2.49454545,0.04286,7.799876,929.15,13394.0,629.8,65.4,1
50,7.880686,7.862665,8.014076,2.54545455,2.54545455,0.04504,7.952642,929.24,14243.0,626.4,71.9,1
51,8.023093,8.014180,8.182606,2.59636364,2.59636364,0.04728,8.100382,929.52,14161.0,621.9,77.3,1
52,8.191832,8.182811,8.318999,2.64727273,2.64727273,0.04954,8.259524,929.76,15230.0,619.4,67.7,1
53,8.329019,8.319105,8.409959,2.69818182,2.69818182,0.05178,8.342933,930.04,15224.0,622.1,13.9,0
54,8.421444,8.410229,8.550696,2.74909091,2.74909091,0.05425,8.490300,930.32,16335.0,619.3,68.8,1
55,8.570066,8.550819,8.656992,2.8,2.8,0.05661,8.584646,930.65,14978.0,621.8,14.6,0
