Site,Row,Column,Point,Timestamp,Relative_Time_s,Setpoint,Voltage_V,Current_A,Optical_Power_W,Status,Rollover_Detected,Stop_Reason,Peak_Power_W,Peak_Voltage_V,Peak_Current_A,Peak_Point_Index
10,10,1,0,2026-05-11T17:30:44.051727,0.885174,0.000000e+00,-1.136000e-02,0.000000e+00,1.351980e-06,OK,True,rollover,8.526700e-03,2.310000e+00,5.000000e-02,50
10,10,1,1,2026-05-11T17:30:44.396646,1.230092,1.000000e-03,1.250360e+00,1.000000e-03,1.473780e-06,OK,True,rollover,8.526700e-03,2.310000e+00,5.000000e-02,50
10,10,1,2,2026-05-11T17:30:44.452133,1.285580,2.000000e-03,1.342120e+00,2.000000e-03,2.446950e-06,OK,True,rollover,8.526700e-03,2.310000e+00,5.000000e-02,50
10,10,1,3,2026-05-11T17:30:44.520360,1.353807,3.000000e-03,1.394320e+00,3.000000e-03,4.828860e-06,OK,True,rollover,8.526700e-03,2.310000e+00,5.000000e-02,50
10,10,1,4,2026-05-11T17:30:44.571899,1.405345,4.000000e-03,1.433080e+00,4.000000e-03,3.101640e-05,OK,True,rollover,8.526700e-03,2.310000e+00,5.000000e-02,50
10,10,1,5,2026-05-11T17:30:44.600506,1.433952,5.000000e-03,1.461240e+00,5.000000e-03,4.245070e-04,OK,True,rollover,8.526700e-03,2.310000e+00,5.000000e-02,50
10,10,1,6,2026-05-11T17:30:44.923735,1.757181,6.000000e-03,1.487480e+00,6.000000e-03,7.135320e-04,OK,True,rollover,8.526700e-03,2.310000e+00,5.000000e-02,50
10,10,1,7,2026-05-11T17:30:44.955557,1.789004,7.000000e-03,1.512360e+00,7.000000e-03,1.097640e-03,OK,True,rollover,8.526700e-03,2.310000e+00,5.000000e-02,50
10,10,1,8,2026-05-11T17:30:45.013501,1.846948,8.000000e-03,1.536520e+00,8.000000e-03,1.351380e-03,OK,True,rollover,8.526700e-03,2.310000e+00,5.000000e-02,50
10,10,1,9,2026-05-11T17:30:45.047146,1.880593,9.000000e-03,1.559800e+00,9.000000e-03,1.715830e-03,OK,True,rollover,8.526700e-03,2.310000e+00,5.000000e-02,50
10,10,1,10,2026-05-11T17:30:45.095568,1.929015,1.000000e-02,1.582400e+00,1.000000e-02,1.989860e-03,OK,True,rollover,8.526700e-03,2.310000e+00,5.000000e-02,50
10,10,1,11,2026-05-11T17:30:45.140354,1.973801,1.100000e-02,1.604400e+00,1.100000e-02,2.295990e-03,OK,True,rollover,8.526700e-03,2.310000e+00,5.000000e-02,50
10,10,1,12,2026-05-11T17:30:45.170325,2.003772,1.200000e-02,1.626200e+00,1.200000e-02,2.579650e-03,OK,True,rollover,8.526700e-03,2.310000e+00,5.000000e-02,50
10,10,1,13,2026-05-11T17:30:45.208639,2.042086,1.300000e-02,1.647400e+00,1.300000e-02,2.910800e-03,OK,True,rollover,8.526700e-03,2.310000e+00,5.000000e-02,50
10,10,1,14,2026-05-11T17:30:45.280132,2.113579,1.400000e-02,1.668080e+00,1.400000e-02,3.153810e-03,OK,True,rollover,8.526700e-03,2.310000e+00,5.000000e-02,50
10,10,1,15,2026-05-11T17:30:45.317125,2.150572,1.500000e-02,1.688520e+00,1.500000e-02,3.425160e-03,OK,True,rollover,8.526700e-03,2.310000e+00,5.000000e-02,50
10,10,1,16,2026-05-11T17:30:45.345977,2.179424,1.600000e-02,1.708480e+00,1.600000e-02,3.767420e-03,OK,True,rollover,8.526700e-03,2.310000e+00,5.000000e-02,50
10,10,1,17,2026-05-11T17:30:45.527184,2.360631,1.700000e-02,1.728160e+00,1.700000e-02,3.952110e-03,OK,True,rollover,8.526700e-03,2.310000e+00,5.000000e-02,50
10,10,1,18,2026-05-11T17:30:45.555328,2.388774,1.800000e-02,1.747800e+00,1.800000e-02,4.187940e-03,OK,True,rollover,8.526700e-03,2.310000e+00,5.000000e-02,50
10,10,1,19,2026-05-11T17:30:45.588452,2.421899,1.900000e-02,1.767200e+00,1.900000e-02,4.419290e-03,OK,True,rollover,8.526700e-03,2.310000e+00,5.000000e-02,50
10,10,1,20,2026-05-11T17:30:45.631679,2.465126,2.000000e-02,1.786320e+00,2.000000e-02,4.671090e-03,OK,True,rollover,8.526700e-03,2.310000e+00,5.000000e-02,50
10,10,1,21,2026-05-11T17:30:45.679385,2.512832,2.100000e-02,1.805280e+00,2.100000e-02,4.904350e-03,OK,True,rollover,8.526700e-03,2.310000e+00,5.000000e-02,50
10,10,1,22,2026-05-11T17:30:45.720070,2.553517,2.200000e-02,1.824160e+00,2.200000e-02,5.089050e-03,OK,True,rollover,8.526700e-03,2.310000e+00,5.000000e-02,50
10,10,1,23,2026-05-11T17:30:45.745118,2.578565,2.300000e-02,1.842800e+00,2.300000e-02,5.308890e-03,OK,True,rollover,8.526700e-03,2.310000e+00,5.000000e-02,50
10,10,1,24,2026-05-11T17:30:45.777905,2.611352,2.400000e-02,1.861280e+00,2.400000e-02,5.538330e-03,OK,True,rollover,8.526700e-03,2.310000e+00,5.000000e-02,50
10,10,1,25,2026-05-11T17:30:45.822864,2.656310,2.500000e-02,1.879600e+00,2.500000e-02,5.740280e-03,OK,True,rollover,8.526700e-03,2.310000e+00,5.000000e-02,50
10,10,1,26,2026-05-11T17:30:45.873128,2.706575,2.600000e-02,1.897800e+00,2.600000e-02,5.960130e-03,OK,True,rollover,8.526700e-03,2.310000e+00,5.000000e-02,50
10,10,1,27,2026-05-11T17:30:45.937186,2.770632,2.700000e-02,1.915960e+00,2.700000e-02,6.117340e-03,OK,True,rollover,8.526700e-03,2.310000e+00,5.000000e-02,50
10,10,1,28,2026-05-11T17:30:45.973439,2.806886,2.800000e-02,1.934080e+00,2.800000e-02,6.307790e-03,OK,True,rollover,8.526700e-03,2.310000e+00,5.000000e-02,50
10,10,1,29,2026-05-11T17:30:46.001973,2.835420,2.900000e-02,1.951880e+00,2.900000e-02,6.509740e-03,OK,True,rollover,8.526700e-03,2.310000e+00,5.000000e-02,50
10,10,1,30,2026-05-11T17:30:46.066439,2.899886,3.000000e-02,1.969640e+00,3.000000e-02,6.672070e-03,OK,True,rollover,8.526700e-03,2.310000e+00,5.000000e-02,50
10,10,1,31,2026-05-11T17:30:46.110578,2.944025,3.100000e-02,1.987360e+00,3.100000e-02,6.835040e-03,OK,True,rollover,8.526700e-03,2.310000e+00,5.000000e-02,50
10,10,1,32,2026-05-11T17:30:46.145466,2.978913,3.200000e-02,2.004920e+00,3.200000e-02,6.978190e-03,OK,True,rollover,8.526700e-03,2.310000e+00,5.000000e-02,50
10,10,1,33,2026-05-11T17:30:46.172221,3.005668,3.300000e-02,2.022600e+00,3.300000e-02,7.139240e-03,OK,True,rollover,8.526700e-03,2.310000e+00,5.000000e-02,50
10,10,1,34,2026-05-11T17:30:46.204612,3.038058,3.400000e-02,2.039920e+00,3.400000e-02,7.293900e-03,OK,True,rollover,8.526700e-03,2.310000e+00,5.000000e-02,50
10,10,1,35,2026-05-11T17:30:46.258250,3.091697,3.500000e-02,2.057280e+00,3.500000e-02,7.437060e-03,OK,True,rollover,8.526700e-03,2.310000e+00,5.000000e-02,50
10,10,1,36,2026-05-11T17:30:46.327988,3.161435,3.600000e-02,2.074520e+00,3.600000e-02,7.563600e-03,OK,True,rollover,8.526700e-03,2.310000e+00,5.000000e-02,50
10,10,1,37,2026-05-11T17:30:46.372902,3.206349,3.700000e-02,2.091760e+00,3.700000e-02,7.672240e-03,OK,True,rollover,8.526700e-03,2.310000e+00,5.000000e-02,50
10,10,1,38,2026-05-11T17:30:46.405966,3.239413,3.800000e-02,2.108880e+00,3.800000e-02,7.778970e-03,OK,True,rollover,8.526700e-03,2.310000e+00,5.000000e-02,50
10,10,1,39,2026-05-11T17:30:46.434267,3.267714,3.900000e-02,2.125920e+00,3.900000e-02,7.903590e-03,OK,True,rollover,8.526700e-03,2.310000e+00,5.000000e-02,50
10,10,1,40,2026-05-11T17:30:46.501662,3.335109,4.000000e-02,2.142960e+00,4.000000e-02,7.987310e-03,OK,True,rollover,8.526700e-03,2.310000e+00,5.000000e-02,50
10,10,1,41,2026-05-11T17:30:46.545162,3.378609,4.100000e-02,2.159920e+00,4.100000e-02,8.074230e-03,OK,True,rollover,8.526700e-03,2.310000e+00,5.000000e-02,50
10,10,1,42,2026-05-11T17:30:46.571337,3.404784,4.200000e-02,2.176880e+00,4.200000e-02,8.157950e-03,OK,True,rollover,8.526700e-03,2.310000e+00,5.000000e-02,50
10,10,1,43,2026-05-11T17:30:46.603310,3.436757,4.300000e-02,2.193720e+00,4.300000e-02,8.234000e-03,OK,True,rollover,8.526700e-03,2.310000e+00,5.000000e-02,50
10,10,1,44,2026-05-11T17:30:46.633831,3.467278,4.400000e-02,2.210400e+00,4.400000e-02,8.308130e-03,OK,True,rollover,8.526700e-03,2.310000e+00,5.000000e-02,50
10,10,1,45,2026-05-11T17:30:46.698590,3.532037,4.500000e-02,2.226800e+00,4.500000e-02,8.361810e-03,OK,True,rollover,8.526700e-03,2.310000e+00,5.000000e-02,50
10,10,1,46,2026-05-11T17:30:46.758047,3.591494,4.600000e-02,2.244000e+00,4.600000e-02,8.412940e-03,OK,True,rollover,8.526700e-03,2.310000e+00,5.000000e-02,50
10,10,1,47,2026-05-11T17:30:46.783217,3.616664,4.700000e-02,2.260800e+00,4.700000e-02,8.458320e-03,OK,True,rollover,8.526700e-03,2.310000e+00,5.000000e-02,50
10,10,1,48,2026-05-11T17:30:46.822485,3.655932,4.800000e-02,2.276800e+00,4.800000e-02,8.494110e-03,OK,True,rollover,8.526700e-03,2.310000e+00,5.000000e-02,50
10,10,1,49,2026-05-11T17:30:46.869574,3.703021,4.900000e-02,2.293600e+00,4.900000e-02,8.516470e-03,OK,True,rollover,8.526700e-03,2.310000e+00,5.000000e-02,50
10,10,1,50,2026-05-11T17:30:46.917452,3.750899,5.000000e-02,2.310000e+00,5.000000e-02,8.526700e-03,OK,True,rollover,8.526700e-03,2.310000e+00,5.000000e-02,50
10,10,1,51,2026-05-11T17:30:46.960911,3.794358,5.100000e-02,2.326800e+00,5.100000e-02,8.525420e-03,OK,True,rollover,8.526700e-03,2.310000e+00,5.000000e-02,50
10,10,1,52,2026-05-11T17:30:46.989838,3.823285,5.200000e-02,2.342800e+00,5.200000e-02,8.515830e-03,OK,True,rollover,8.526700e-03,2.310000e+00,5.000000e-02,50
10,10,1,53,2026-05-11T17:30:47.021036,3.854483,5.300000e-02,2.359600e+00,5.300000e-02,8.492190e-03,OK,True,rollover,8.526700e-03,2.310000e+00,5.000000e-02,50
10,10,1,54,2026-05-11T17:30:47.063818,3.897265,5.400000e-02,2.375200e+00,5.400000e-02,8.467900e-03,OK,True,rollover,8.526700e-03,2.310000e+00,5.000000e-02,50
10,10,1,55,2026-05-11T17:30:47.089248,3.922694,5.500000e-02,2.391600e+00,5.500000e-02,8.421890e-03,OK,True,rollover,8.526700e-03,2.310000e+00,5.000000e-02,50
10,10,1,56,2026-05-11T17:30:47.188343,4.021789,5.600000e-02,2.407600e+00,5.600000e-02,8.363730e-03,OK,True,rollover,8.526700e-03,2.310000e+00,5.000000e-02,50
10,10,1,57,2026-05-11T17:30:47.295991,4.129437,5.700000e-02,2.423600e+00,5.700000e-02,8.297910e-03,OK,True,rollover,8.526700e-03,2.310000e+00,5.000000e-02,50
10,10,1,58,2026-05-11T17:30:47.397693,4.231140,5.800000e-02,2.439200e+00,5.800000e-02,8.237190e-03,OK,True,rollover,8.526700e-03,2.310000e+00,5.000000e-02,50
10,10,1,59,2026-05-11T17:30:47.431172,4.264618,5.900000e-02,2.454800e+00,5.900000e-02,8.141970e-03,OK,True,rollover,8.526700e-03,2.310000e+00,5.000000e-02,50
10,10,1,60,2026-05-11T17:30:47.477477,4.310924,6.000000e-02,2.470800e+00,6.000000e-02,8.065280e-03,OK,True,rollover,8.526700e-03,2.310000e+00,5.000000e-02,50
10,10,1,61,2026-05-11T17:30:47.515837,4.349284,6.100000e-02,2.486000e+00,6.100000e-02,7.971330e-03,OK,True,rollover,8.526700e-03,2.310000e+00,5.000000e-02,50
10,10,1,62,2026-05-11T17:30:47.551520,4.384966,6.200000e-02,2.501600e+00,6.200000e-02,7.849270e-03,OK,True,rollover,8.526700e-03,2.310000e+00,5.000000e-02,50
10,10,1,63,2026-05-11T17:30:47.605330,4.438776,6.300000e-02,2.517200e+00,6.300000e-02,7.700360e-03,OK,True,rollover,8.526700e-03,2.310000e+00,5.000000e-02,50
10,10,1,64,2026-05-11T17:30:47.656528,4.489975,6.400000e-02,2.532400e+00,6.400000e-02,7.561680e-03,OK,True,rollover,8.526700e-03,2.310000e+00,5.000000e-02,50
10,10,1,65,2026-05-11T17:30:47.694318,4.527764,6.500000e-02,2.547600e+00,6.500000e-02,7.420440e-03,OK,True,rollover,8.526700e-03,2.310000e+00,5.000000e-02,50
10,10,1,66,2026-05-11T17:30:47.725183,4.558630,6.600000e-02,2.562400e+00,6.600000e-02,7.199950e-03,OK,True,rollover,8.526700e-03,2.310000e+00,5.000000e-02,50
10,10,1,67,2026-05-11T17:30:47.781145,4.614591,6.700000e-02,2.577600e+00,6.700000e-02,7.015260e-03,OK,True,rollover,8.526700e-03,2.310000e+00,5.000000e-02,50
10,10,1,68,2026-05-11T17:30:47.834344,4.667791,6.800000e-02,2.592000e+00,6.800000e-02,6.826730e-03,OK,True,rollover,8.526700e-03,2.310000e+00,5.000000e-02,50
10,10,1,69,2026-05-11T17:30:47.868550,4.701997,6.900000e-02,2.606400e+00,6.900000e-02,6.618390e-03,OK,True,rollover,8.526700e-03,2.310000e+00,5.000000e-02,50
10,10,1,70,2026-05-11T17:30:47.905234,4.738680,7.000000e-02,2.621200e+00,7.000000e-02,6.409400e-03,OK,True,rollover,8.526700e-03,2.310000e+00,5.000000e-02,50
10,10,1,71,2026-05-11T17:30:47.932632,4.766079,7.100000e-02,2.635600e+00,7.100000e-02,6.112870e-03,OK,True,rollover,8.526700e-03,2.310000e+00,5.000000e-02,50
